{
    "loss": 0.18848399817943573,
    "accuracy": 0.9426229596138
}